[
  {
    "type": "chat",
    "content": "https://www.instagram.com/reel/DLikyyWvIrc/?igsh=MXRjb3VkdHdmNHM2Zw==",
    "sender": "user",
    "quotedMsgId": null,
    "messageId": "false_994998440496@c.us_47ACDAF48C0DFEFD1D2DCA650D8120C0",
    "timestamp": 1753908879393
  },
  {
    "type": "text",
    "content": "Üzr istəyirəm, lakin göndərdiyiniz linki analiz edə bilmirəm. Əgər siz məhsul və ya xidmət haqqında məlumat axtarırsınızsa, zəhmət olmasa, məhsulun və ya xidmətin adını və ya kodunu yazın ki, sizə lazımi məlumatı verə bilim. 📦💻",
    "sender": "assistant",
    "quotedMsgId": "false_994998440496@c.us_47ACDAF48C0DFEFD1D2DCA650D8120C0",
    "messageId": "true_994998440496@c.us_3EB0A57BDCD842FB038FDC",
    "timestamp": 1753908889041
  }
]