{
  "PS-250725-Q4YS": {
    "lead_id": "PS-250725-Q4YS",
    "customer_phone": "994554466980@c.us",
    "status": "yeni",
    "created_at": "2025-07-25T08:37:09.606Z",
    "updated_at": "2025-07-25T08:37:09.606Z",
    "notes": []
  },
  "PS-250725-E1AB": {
    "lead_id": "PS-250725-E1AB",
    "customer_phone": "994702353552@c.us",
    "status": "yeni",
    "created_at": "2025-07-25T09:14:28.150Z",
    "updated_at": "2025-07-25T09:14:28.150Z",
    "notes": []
  },
  "PS-250728-HJTO": {
    "lead_id": "PS-250728-HJTO",
    "customer_phone": "994998440496@c.us",
    "status": "yeni",
    "created_at": "2025-07-28T05:35:57.710Z",
    "updated_at": "2025-07-28T05:35:57.710Z",
    "notes": []
  }
}
